{
  "configVersion": 1,
  "timestamp": 1695654761933,
  "index": "/index.html",
  "assetGroups": [
    {
      "name": "app",
      "installMode": "prefetch",
      "updateMode": "prefetch",
      "cacheQueryOptions": {
        "ignoreVary": true
      },
      "urls": [
        "/common.js",
        "/cordova.js",
        "/cordova_plugins.js",
        "/default-node_modules_ionic_core_dist_esm_data-caf38df0_js-node_modules_ionic_core_dist_esm_th-d3ab8e.js",
        "/index.html",
        "/main.js",
        "/manifest.webmanifest",
        "/node_modules_ionic_core_dist_esm_index-2061d5f6_js.js",
        "/node_modules_ionic_core_dist_esm_input-shims-8459e7d9_js.js",
        "/node_modules_ionic_core_dist_esm_ion-accordion_2_entry_js.js",
        "/node_modules_ionic_core_dist_esm_ion-action-sheet_entry_js.js",
        "/node_modules_ionic_core_dist_esm_ion-alert_entry_js.js",
        "/node_modules_ionic_core_dist_esm_ion-app_8_entry_js.js",
        "/node_modules_ionic_core_dist_esm_ion-avatar_3_entry_js.js",
        "/node_modules_ionic_core_dist_esm_ion-back-button_entry_js.js",
        "/node_modules_ionic_core_dist_esm_ion-backdrop_entry_js.js",
        "/node_modules_ionic_core_dist_esm_ion-breadcrumb_2_entry_js.js",
        "/node_modules_ionic_core_dist_esm_ion-button_2_entry_js.js",
        "/node_modules_ionic_core_dist_esm_ion-card_5_entry_js.js",
        "/node_modules_ionic_core_dist_esm_ion-checkbox_entry_js.js",
        "/node_modules_ionic_core_dist_esm_ion-chip_entry_js.js",
        "/node_modules_ionic_core_dist_esm_ion-col_3_entry_js.js",
        "/node_modules_ionic_core_dist_esm_ion-datetime-button_entry_js.js",
        "/node_modules_ionic_core_dist_esm_ion-datetime_3_entry_js.js",
        "/node_modules_ionic_core_dist_esm_ion-fab_3_entry_js.js",
        "/node_modules_ionic_core_dist_esm_ion-img_entry_js.js",
        "/node_modules_ionic_core_dist_esm_ion-infinite-scroll_2_entry_js.js",
        "/node_modules_ionic_core_dist_esm_ion-input_entry_js.js",
        "/node_modules_ionic_core_dist_esm_ion-item-option_3_entry_js.js",
        "/node_modules_ionic_core_dist_esm_ion-item_8_entry_js.js",
        "/node_modules_ionic_core_dist_esm_ion-loading_entry_js.js",
        "/node_modules_ionic_core_dist_esm_ion-menu_3_entry_js.js",
        "/node_modules_ionic_core_dist_esm_ion-modal_entry_js.js",
        "/node_modules_ionic_core_dist_esm_ion-nav_2_entry_js.js",
        "/node_modules_ionic_core_dist_esm_ion-picker-column-internal_entry_js.js",
        "/node_modules_ionic_core_dist_esm_ion-picker-internal_entry_js.js",
        "/node_modules_ionic_core_dist_esm_ion-popover_entry_js.js",
        "/node_modules_ionic_core_dist_esm_ion-progress-bar_entry_js.js",
        "/node_modules_ionic_core_dist_esm_ion-radio_2_entry_js.js",
        "/node_modules_ionic_core_dist_esm_ion-range_entry_js.js",
        "/node_modules_ionic_core_dist_esm_ion-refresher_2_entry_js.js",
        "/node_modules_ionic_core_dist_esm_ion-reorder_2_entry_js.js",
        "/node_modules_ionic_core_dist_esm_ion-ripple-effect_entry_js.js",
        "/node_modules_ionic_core_dist_esm_ion-route_4_entry_js.js",
        "/node_modules_ionic_core_dist_esm_ion-searchbar_entry_js.js",
        "/node_modules_ionic_core_dist_esm_ion-segment_2_entry_js.js",
        "/node_modules_ionic_core_dist_esm_ion-select_3_entry_js.js",
        "/node_modules_ionic_core_dist_esm_ion-slide_2_entry_js.js",
        "/node_modules_ionic_core_dist_esm_ion-spinner_entry_js.js",
        "/node_modules_ionic_core_dist_esm_ion-split-pane_entry_js.js",
        "/node_modules_ionic_core_dist_esm_ion-tab-bar_2_entry_js.js",
        "/node_modules_ionic_core_dist_esm_ion-tab_2_entry_js.js",
        "/node_modules_ionic_core_dist_esm_ion-text_entry_js.js",
        "/node_modules_ionic_core_dist_esm_ion-textarea_entry_js.js",
        "/node_modules_ionic_core_dist_esm_ion-toast_entry_js.js",
        "/node_modules_ionic_core_dist_esm_ion-toggle_entry_js.js",
        "/node_modules_ionic_core_dist_esm_ion-virtual-scroll_entry_js.js",
        "/node_modules_ionic_core_dist_esm_status-tap-4d4674a1_js.js",
        "/node_modules_ionic_core_dist_esm_swiper_bundle-28080340_js.js",
        "/polyfills-core-js.js",
        "/polyfills-dom.js",
        "/polyfills.js",
        "/runtime.js",
        "/styles.css",
        "/vendor.js"
      ],
      "patterns": []
    },
    {
      "name": "assets",
      "installMode": "lazy",
      "updateMode": "prefetch",
      "cacheQueryOptions": {
        "ignoreVary": true
      },
      "urls": [
        "/Roboto-Regular.ttf",
        "/assets/IN_LogoFGenerali@1,5x.svg",
        "/assets/New/dashboard.png",
        "/assets/New/dsr.png",
        "/assets/New/empty.svg",
        "/assets/New/fgi.png",
        "/assets/New/internet.svg",
        "/assets/New/login1.png",
        "/assets/New/reports.png",
        "/assets/New/teams.png",
        "/assets/New/w2.jpg",
        "/assets/add-outline.svg",
        "/assets/apps.json",
        "/assets/fonts/Roboto_font/LICENSE.txt",
        "/assets/fonts/Roboto_font/Roboto-Black.ttf",
        "/assets/fonts/Roboto_font/Roboto-Bold.ttf",
        "/assets/fonts/Roboto_font/Roboto-Light.ttf",
        "/assets/fonts/Roboto_font/Roboto-Medium.ttf",
        "/assets/fonts/Roboto_font/Roboto-Regular.ttf",
        "/assets/fonts/Roboto_font/Roboto-Thin.ttf",
        "/assets/icon/check mark.png",
        "/assets/icon/check mark1.png",
        "/assets/icon/chevron-back-outline.svg",
        "/assets/icon/error.png",
        "/assets/icon/error1.png",
        "/assets/icon/favicon.png",
        "/assets/icons/icon-128x128.png",
        "/assets/icons/icon-144x144.png",
        "/assets/icons/icon-152x152.png",
        "/assets/icons/icon-192x192.png",
        "/assets/icons/icon-384x384.png",
        "/assets/icons/icon-512x512.png",
        "/assets/icons/icon-72x72.png",
        "/assets/icons/icon-96x96.png",
        "/assets/mediaquery.scss",
        "/assets/shapes.svg",
        "/assets/styles/ngx-datatable/_bootstrap.css",
        "/assets/styles/ngx-datatable/_dark.css",
        "/assets/styles/ngx-datatable/_icons.css",
        "/assets/styles/ngx-datatable/_index.css",
        "/assets/styles/ngx-datatable/_material.css",
        "/assets/styles/ngx-datatable/fonts/data-table.eot",
        "/assets/styles/ngx-datatable/fonts/data-table.svg",
        "/assets/styles/ngx-datatable/fonts/data-table.ttf",
        "/assets/styles/ngx-datatable/fonts/data-table.woff"
      ],
      "patterns": []
    }
  ],
  "dataGroups": [],
  "hashTable": {
    "/Roboto-Regular.ttf": "56c5c0d38bde4c1f1549dda43db37b09c608aad3",
    "/assets/IN_LogoFGenerali@1,5x.svg": "32b03d1afc1179ea6c29f898cec0a307b3084ec9",
    "/assets/New/dashboard.png": "39d7fc4eeac92fe185ce48bd88aff268f18de37e",
    "/assets/New/dsr.png": "a08c1b81ed9d4a7a6388b848d4782cad43e3dd06",
    "/assets/New/empty.svg": "7229af662a2461a2fa61679a9b98b825b3dc7aae",
    "/assets/New/fgi.png": "1d66fb07b967be595848c47c33bb3f3714b86f30",
    "/assets/New/internet.svg": "7dfa2c4833ba8a62f64cfb701942c14a7c832239",
    "/assets/New/login1.png": "6242ca6ca9a1737c9598a12da31c9ab791381541",
    "/assets/New/reports.png": "b0d65712b978f931775f89916918f78bf05afb09",
    "/assets/New/teams.png": "1d49ae483965ac99bd195da0aa42bcea7b62356d",
    "/assets/New/w2.jpg": "b051681f142c9b0d60e512310bc0045d93524552",
    "/assets/add-outline.svg": "45bc1765a8e087e017352318d1e4798c9be0423e",
    "/assets/apps.json": "be5dfee3740baf24f52f115183bc764f18f5ad5d",
    "/assets/fonts/Roboto_font/LICENSE.txt": "47b573e3824cd5e02a1a3ae99e2735b49e0256e4",
    "/assets/fonts/Roboto_font/Roboto-Black.ttf": "3f8e401d808f6ce84b542266726514ac8be73171",
    "/assets/fonts/Roboto_font/Roboto-Bold.ttf": "62442a18a9fe9457c1afeabf683d263a691b7798",
    "/assets/fonts/Roboto_font/Roboto-Light.ttf": "18788c5d630fa695f9283f6393bfa541b2031508",
    "/assets/fonts/Roboto_font/Roboto-Medium.ttf": "3c6a09fcc6a454924c81af7dff94fc6d399ed79b",
    "/assets/fonts/Roboto_font/Roboto-Regular.ttf": "56c5c0d38bde4c1f1549dda43db37b09c608aad3",
    "/assets/fonts/Roboto_font/Roboto-Thin.ttf": "58c733e22bceeaf9609ce578eca92ac303c6d92f",
    "/assets/icon/check mark.png": "28edea3363363eca77faff4e50f4b97bf8b3e15b",
    "/assets/icon/check mark1.png": "bc8dc6d01fccd9d9c7e955cdfbfcf6ef28926ac9",
    "/assets/icon/chevron-back-outline.svg": "853c9326c82d60a70acdd3ff38dcc648dedfc024",
    "/assets/icon/error.png": "8e8f44cc47d1bee47c11bb8551bc03d72695d9a7",
    "/assets/icon/error1.png": "0e5f4ef3d1e749fd293020d39e643cc7c2750b21",
    "/assets/icon/favicon.png": "bea1da4afb5357ce27ff1dcd5c8075977971e336",
    "/assets/icons/icon-128x128.png": "3acc26f91309822893ece2447f3b068d657348bd",
    "/assets/icons/icon-144x144.png": "7c6684361b6fa435a7bfe3fcf22557ffdad127b4",
    "/assets/icons/icon-152x152.png": "7130fffceb6c6ae476313b6aed97becdf1f17632",
    "/assets/icons/icon-192x192.png": "fbc356c2d574690c542eb8bc51e8186f2660f680",
    "/assets/icons/icon-384x384.png": "e40697f7e57f2cae93dcfb4e4551c190fd3b704f",
    "/assets/icons/icon-512x512.png": "73f289e8c8f935248346682d6ea07c51fe947919",
    "/assets/icons/icon-72x72.png": "26a6568341ff194ff83e48386bd9428b0029e971",
    "/assets/icons/icon-96x96.png": "3335b880736e8391b839dd719582c7e53ec9b0b7",
    "/assets/mediaquery.scss": "3a20750d6d7f0f964c303152da276f086043df42",
    "/assets/shapes.svg": "5413e95adabcb2cb639970051f55e0ddb64ace53",
    "/assets/styles/ngx-datatable/_bootstrap.css": "6de245d7f75ee9eb60ed38c862967b20fac7054b",
    "/assets/styles/ngx-datatable/_dark.css": "c85d9b2bea32fab71729999cdb381b7c6e069e61",
    "/assets/styles/ngx-datatable/_icons.css": "9ed895ede9cf57d993a26de2bafbd6ffed44b5a1",
    "/assets/styles/ngx-datatable/_index.css": "2647b5c71b90d57a488858b82571fd0052b2e411",
    "/assets/styles/ngx-datatable/_material.css": "fc5bae098cb5892b666e2fc52f51e2e7fec38a37",
    "/assets/styles/ngx-datatable/fonts/data-table.eot": "99e68eaef544d4a4eaa307996db55b76ccc349d7",
    "/assets/styles/ngx-datatable/fonts/data-table.svg": "bc6e238aa11bbf336e2cfd75c9215967214069da",
    "/assets/styles/ngx-datatable/fonts/data-table.ttf": "5c23a1ceb1b1d37844a864c02cd97b145e6243dd",
    "/assets/styles/ngx-datatable/fonts/data-table.woff": "d4582b40484b4ee1fd334a5577fd945e804484f9",
    "/common.js": "6e50999f86a7de8e3af51ba8a838530ed043fb84",
    "/cordova.js": "7d1ab8c1a2af7a5b493e833f08e07e18685e99b5",
    "/cordova_plugins.js": "62fddda65f511a5970ca812166b64e7544745897",
    "/default-node_modules_ionic_core_dist_esm_data-caf38df0_js-node_modules_ionic_core_dist_esm_th-d3ab8e.js": "5a3c6e75ebe11713294cba817ea2ac2dedded7f7",
    "/index.html": "37647b9a314a361fa1b8bfaf215d70d7c27ff989",
    "/main.js": "2b30a24a12a92d4a6797745b8e909de8d122b78a",
    "/manifest.webmanifest": "44c728ec1d74aa527420121889736cbdbe9ff599",
    "/node_modules_ionic_core_dist_esm_index-2061d5f6_js.js": "d0adda0bd3858af96e989c07d53dc7e5effde378",
    "/node_modules_ionic_core_dist_esm_input-shims-8459e7d9_js.js": "11af1589d3ae51f563feaeb24a034e7f41aed3e9",
    "/node_modules_ionic_core_dist_esm_ion-accordion_2_entry_js.js": "f2bb6781e3d702e6949403e01357246b11331386",
    "/node_modules_ionic_core_dist_esm_ion-action-sheet_entry_js.js": "bbdcc76fd5471e707f4da0877752450ae7a17f4b",
    "/node_modules_ionic_core_dist_esm_ion-alert_entry_js.js": "330e9467a4a16e6419d807f80d397eece23f9bdb",
    "/node_modules_ionic_core_dist_esm_ion-app_8_entry_js.js": "c37ffef78519c1630e03a591d7a17855348769e7",
    "/node_modules_ionic_core_dist_esm_ion-avatar_3_entry_js.js": "9304467c56f3377f8de27c63776ac01c906224a2",
    "/node_modules_ionic_core_dist_esm_ion-back-button_entry_js.js": "3561c20f4768ca773e9090731ec745e0518517c0",
    "/node_modules_ionic_core_dist_esm_ion-backdrop_entry_js.js": "3a4ce9f7950bcffdcc11badb1c0b89236508c742",
    "/node_modules_ionic_core_dist_esm_ion-breadcrumb_2_entry_js.js": "f79fb98a4c330eeb9d14b21b15b218ad779877da",
    "/node_modules_ionic_core_dist_esm_ion-button_2_entry_js.js": "c3c202d02871b4f781f9f4221d0977d9bf90e6e1",
    "/node_modules_ionic_core_dist_esm_ion-card_5_entry_js.js": "508d2a54d7736f4811ccecba0535a94fbb598610",
    "/node_modules_ionic_core_dist_esm_ion-checkbox_entry_js.js": "c8517e38926da3fa5e2e2dee2095b8aec8176921",
    "/node_modules_ionic_core_dist_esm_ion-chip_entry_js.js": "df1967e0458b250a88aa56c70521837cf36c126a",
    "/node_modules_ionic_core_dist_esm_ion-col_3_entry_js.js": "3c02cfc97092c52274573ffe8d915e2a2bdf41cb",
    "/node_modules_ionic_core_dist_esm_ion-datetime-button_entry_js.js": "5d7a31a42d34c063467f865b8f6dfbb442877f3c",
    "/node_modules_ionic_core_dist_esm_ion-datetime_3_entry_js.js": "f2744c6dddde86ac30eec18f656a9aed4383f2ff",
    "/node_modules_ionic_core_dist_esm_ion-fab_3_entry_js.js": "0b1baebbcded298da6defa52ca8f2b139db53546",
    "/node_modules_ionic_core_dist_esm_ion-img_entry_js.js": "cf38948adaa4f12a350868743016c1acc3cd41f2",
    "/node_modules_ionic_core_dist_esm_ion-infinite-scroll_2_entry_js.js": "6dc014306eadd12dd428b916d71e61c9e0a2cb5e",
    "/node_modules_ionic_core_dist_esm_ion-input_entry_js.js": "3a33c2c890a7cfef87ff0933a6808e872a8cd697",
    "/node_modules_ionic_core_dist_esm_ion-item-option_3_entry_js.js": "5d3cb9c2bf7ed74bb944080f2b215d62ad3edfa9",
    "/node_modules_ionic_core_dist_esm_ion-item_8_entry_js.js": "2619f1ef2485ec63a6062ac083b2eec276d2a496",
    "/node_modules_ionic_core_dist_esm_ion-loading_entry_js.js": "5e19fe97941bcc054ec6bf87909afc37696aeaf9",
    "/node_modules_ionic_core_dist_esm_ion-menu_3_entry_js.js": "7d713f19eea32639a78f998453c7c3765c8f449d",
    "/node_modules_ionic_core_dist_esm_ion-modal_entry_js.js": "8c2ad7bfebdab488fcbf6a27ef6b28af943a913c",
    "/node_modules_ionic_core_dist_esm_ion-nav_2_entry_js.js": "adb0b14362b051ae73293206f40ad195372801ef",
    "/node_modules_ionic_core_dist_esm_ion-picker-column-internal_entry_js.js": "3ef06f15aa697111895d82f24021d0c09dec3849",
    "/node_modules_ionic_core_dist_esm_ion-picker-internal_entry_js.js": "19cc22a27223ad7d3020de89b25f68af5c5cdf85",
    "/node_modules_ionic_core_dist_esm_ion-popover_entry_js.js": "cfd413677f4484c44a66833d93010efe24daaeb2",
    "/node_modules_ionic_core_dist_esm_ion-progress-bar_entry_js.js": "869aa72cc6c7a5af07d1788160842b84588f1fcd",
    "/node_modules_ionic_core_dist_esm_ion-radio_2_entry_js.js": "874b64c0dc5312ce956102026ffa198fee6b6831",
    "/node_modules_ionic_core_dist_esm_ion-range_entry_js.js": "c77fa9e97d3a8052d35b061c22de2a3a5a5eb080",
    "/node_modules_ionic_core_dist_esm_ion-refresher_2_entry_js.js": "bc7001ec60fefc6d16ef2f0a8672a752b45eb62b",
    "/node_modules_ionic_core_dist_esm_ion-reorder_2_entry_js.js": "78f6aab0ed1c3400fc3c0d1bb108636e02ba2d95",
    "/node_modules_ionic_core_dist_esm_ion-ripple-effect_entry_js.js": "a655e0bbce059a4cdbe77ea1e52610e16c4dc079",
    "/node_modules_ionic_core_dist_esm_ion-route_4_entry_js.js": "426b26a6d6112c76175c38e495364a4db673b147",
    "/node_modules_ionic_core_dist_esm_ion-searchbar_entry_js.js": "0a41e8445ac8d69d8cdccbaa2bd3132dcc003201",
    "/node_modules_ionic_core_dist_esm_ion-segment_2_entry_js.js": "ed0d1abf6c8bc3b6eb3029225c588f8e081059e7",
    "/node_modules_ionic_core_dist_esm_ion-select_3_entry_js.js": "1475f4b327d215e6b6a94d99a554cbb9c4fa4d03",
    "/node_modules_ionic_core_dist_esm_ion-slide_2_entry_js.js": "5503dc9661f05b8fd3987e4412646d8aff9ede1e",
    "/node_modules_ionic_core_dist_esm_ion-spinner_entry_js.js": "e13bf748276d03b96425e6359af08684983aee1c",
    "/node_modules_ionic_core_dist_esm_ion-split-pane_entry_js.js": "adea7494949db312d10a8e542db1766134fde5fc",
    "/node_modules_ionic_core_dist_esm_ion-tab-bar_2_entry_js.js": "fa281923066bca312d4893665d7902cee8cdc65c",
    "/node_modules_ionic_core_dist_esm_ion-tab_2_entry_js.js": "dae0688f1ba192434f0ad5cdaa3d8d4ef48e424e",
    "/node_modules_ionic_core_dist_esm_ion-text_entry_js.js": "f887013698c53e1f456c9b86ea94b1e12d626258",
    "/node_modules_ionic_core_dist_esm_ion-textarea_entry_js.js": "6151571dfed1fd266919c0ae7146b2f6f7003144",
    "/node_modules_ionic_core_dist_esm_ion-toast_entry_js.js": "1c7899526965323c0905406e642579815cb344de",
    "/node_modules_ionic_core_dist_esm_ion-toggle_entry_js.js": "1482031a450b4890763c7f43e9548c0ec901394b",
    "/node_modules_ionic_core_dist_esm_ion-virtual-scroll_entry_js.js": "1d453f7c5ac72f27351d53db3a8d8ff856aab816",
    "/node_modules_ionic_core_dist_esm_status-tap-4d4674a1_js.js": "4927f025741a14c0d8a57afec23248292920e59d",
    "/node_modules_ionic_core_dist_esm_swiper_bundle-28080340_js.js": "e86a0c66e7869bda63db59043f3b30b2a17aeca7",
    "/polyfills-core-js.js": "6b09fe670652868768ab8f29120ae1de654e02aa",
    "/polyfills-dom.js": "f1687189509209067a2d3bc6ec87d1016a1f20c9",
    "/polyfills.js": "c5d0d40d8dfedfed0f8af1c42dff0193601c779c",
    "/runtime.js": "5dba0433bbe6619364223d014eeaa4239917e85d",
    "/styles.css": "f6ea8b6e96fc7e767deac08f88b3235df0d9f38e",
    "/vendor.js": "986af4ddde3d5a0d73048bc1b52684d970de4da4"
  },
  "navigationUrls": [
    {
      "positive": true,
      "regex": "^\\/.*$"
    },
    {
      "positive": false,
      "regex": "^\\/(?:.+\\/)?[^/]*\\.[^/]*$"
    },
    {
      "positive": false,
      "regex": "^\\/(?:.+\\/)?[^/]*__[^/]*$"
    },
    {
      "positive": false,
      "regex": "^\\/(?:.+\\/)?[^/]*__[^/]*\\/.*$"
    }
  ],
  "navigationRequestStrategy": "performance"
}